<?xml version="1.0" encoding="UTF-8"?>
<project-private xmlns="http://www.netbeans.org/ns/project-private/1">
    <editor-bookmarks xmlns="http://www.netbeans.org/ns/editor-bookmarks/2" lastBookmarkId="0"/>
    <open-files xmlns="http://www.netbeans.org/ns/projectui-open-files/2">
        <group>
            <file>file:/home/melvin/Escritorio/lo%20nuevo/FinalProyect/src/finalproyect/Banco.java</file>
            <file>file:/home/melvin/Escritorio/lo%20nuevo/FinalProyect/src/MenuPrincipal/Creacion.java</file>
            <file>file:/home/melvin/Escritorio/lo%20nuevo/FinalProyect/src/finalproyect/Tablero.java</file>
            <file>file:/home/melvin/Escritorio/lo%20nuevo/FinalProyect/src/finalproyect/Jugador.java</file>
            <file>file:/home/melvin/Escritorio/lo%20nuevo/FinalProyect/src/MenuPrincipal/Guardar_Abrir.java</file>
            <file>file:/home/melvin/Escritorio/lo%20nuevo/FinalProyect/src/finalproyect/Menu.java</file>
        </group>
    </open-files>
</project-private>
